<?xml version="1.0" encoding="UTF-8"?>
<!DOCTYPE hibernate-configuration PUBLIC "-//Hibernate/Hibernate Configuration DTD 3.0//EN" "http://hibernate.sourceforge.net/hibernate-configuration-3.0.dtd">
<hibernate-configuration>
  <session-factory>
    <property name="hibernate.dialect">org.hibernate.dialect.PostgreSQLDialect</property>
    <property name="hibernate.connection.driver_class">org.postgresql.Driver</property>
    <property name="hibernate.connection.url">jdbc:postgresql://localhost:5432/confeccoesSisau</property>
    <property name="hibernate.connection.username">postgres</property>
    <property name="hibernate.connection.password">root</property>
    <property name="hibernate.show_sql">true</property>
    <property name="hibernate.hbm2ddl.auto">update</property>
    <property name="hibernate.transaction.factory_class">org.hibernate.transaction.JDBCTransactionFactory</property>    
    <property name="hibernate.current_session_context_class">thread</property> 
    
    <mapping class="br.com.classes.Pessoa"/>
    <mapping class="br.com.classes.Cliente"/>
    <mapping class="br.com.classes.Gerente"/>
    <mapping class="br.com.classes.Fornecedor"/>
    <mapping class="br.com.classes.Funcionario"/>
    <mapping class="br.com.classes.Produto"/>
    <mapping class="br.com.classes.Venda"/>
    <mapping class="br.com.classes.Compra"/>
    <mapping class="br.com.classes.Telefone"/>
    <mapping class="br.com.classes.Endereco"/>
 
  </session-factory>
</hibernate-configuration>
